<?xml version="1.0" encoding="UTF-8"?>
<!DOCTYPE fontscolors PUBLIC "-//NetBeans//DTD Editor Fonts and Colors settings 1.1//EN" "http://www.netbeans.org/dtds/EditorFontsColors-1_1.dtd">
<fontscolors>
    <fontcolor bgColor="ffeceba3" name="mark-occurrences"/>
    <fontcolor foreColor="white" name="identifier"/>
    <fontcolor default="field" name="markup-attribute"/>
    <fontcolor default="identifier" name="method"/>
    <fontcolor foreColor="ffd49b72" name="string"/>
    <fontcolor default="keyword" name="markup-element"/>
    <fontcolor default="string" name="markup-attribute-value"/>
    <fontcolor foreColor="white" name="error" waveUnderlined="red"/>
    <fontcolor default="default" name="entity-reference"/>
    <fontcolor name="separator"/>
    <fontcolor name="operator"/>
    <fontcolor name="url" underline="blue"/>
    <fontcolor foreColor="ffb5cea8" name="number"/>
    <fontcolor bgColor="ff1e1e1e" foreColor="white" name="default">
        <font name="Monospaced" size="12"/>
    </fontcolor>
    <fontcolor default="identifier" name="field"/>
    <fontcolor foreColor="ffd49b72" name="char"/>
    <fontcolor name="warning" waveUnderlined="yellow"/>
    <fontcolor foreColor="ff388e49" name="comment">
        <font style="italic"/>
    </fontcolor>
    <fontcolor foreColor="ff569cd6" name="keyword"/>
    <fontcolor name="whitespace"/>
</fontscolors>
