<?xml version="1.0" encoding="UTF-8"?>
<!DOCTYPE fontscolors PUBLIC "-//NetBeans//DTD Editor Fonts and Colors settings 1.1//EN" "http://www.netbeans.org/dtds/EditorFontsColors-1_1.dtd">
<fontscolors>
    <fontcolor default="identifier" name="identifier"/>
    <fontcolor default="field" foreColor="ff00cccc" name="mod-field"/>
    <fontcolor default="keyword" name="mod-keyword"/>
    <fontcolor default="identifier" foreColor="ff33ffcc" name="mod-class"/>
    <fontcolor default="method" foreColor="ffffffcc" name="mod-method"/>
    <fontcolor foreColor="gray" name="mod-unused" waveUnderlined="gray"/>
    <fontcolor default="identifier" foreColor="ff33ffcc" name="mod-interface"/>
    <fontcolor default="identifier" name="mod-module-declaration">
        <font style="bold"/>
    </fontcolor>
    <fontcolor default="identifier" foreColor="ffffffcc" name="mod-constructor-declaration"/>
    <fontcolor default="operator" foreColor="orange" name="operator"/>
    <fontcolor default="identifier" foreColor="ff00cccc" name="mod-enum"/>
    <fontcolor default="keyword" foreColor="ffff99ff" name="keyword-directive"/>
    <fontcolor default="identifier" foreColor="ff33ffff" name="mod-local-variable-declaration"/>
    <fontcolor default="identifier" foreColor="ff99ffff" name="mod-parameter-declaration"/>
    <fontcolor default="identifier" foreColor="ffccffff" name="mod-parameter"/>
    <fontcolor default="identifier" foreColor="ff33ffcc" name="mod-class-declaration"/>
    <fontcolor default="identifier" foreColor="white" name="mod-annotation-type"/>
    <fontcolor foreColor="white" name="mod-package-private"/>
    <fontcolor default="keyword" foreColor="ff33ccff" name="keyword"/>
    <fontcolor default="identifier" foreColor="ff33ffff" name="mod-local-variable"/>
    <fontcolor default="identifier" foreColor="ffffffcc" name="mod-constructor"/>
    <fontcolor default="identifier" name="mod-module"/>
    <fontcolor default="field" foreColor="ff00cccc" name="mod-field-declaration"/>
</fontscolors>
